date,jdobs,filter,absmag,magpsf,sigmamagpsf,limmag,instrument,programid,reducedby,refsys,issub,isdiffpos
"2018 Apr 21",2458229.8781,"r", 99.0, 99.0,99.0, 20.41,"P48+ZTF","1","None","None",True,False
"2018 Apr 21",2458229.8781,"r", 99.0, 99.0,99.0, 20.41,"P48+ZTF","1","None","None",True,True
"2018 Apr 24",2458232.8567,"r", 99.0, 99.0,99.0, 19.89,"P48+ZTF","1","None","None",True,False
"2018 Apr 24",2458232.8567,"r", 99.0, 99.0,99.0, 19.89,"P48+ZTF","1","None","None",True,True
"2018 May 05",2458243.7957,"r", 99.0, 99.0,99.0, 20.21,"P48+ZTF","1","None","None",True,False
"2018 May 05",2458243.7957,"r", 99.0, 99.0,99.0, 20.21,"P48+ZTF","1","None","None",True,True
"2018 May 05",2458243.7957,"r", -26.85, 18.88,0.06, 20.21,"P48+ZTF","1","None","None",True,True
"2018 May 08",2458246.7532,"r", 99.0, 99.0,99.0, 19.96,"P48+ZTF","1","None","None",True,False
"2018 May 08",2458246.7532,"r", 99.0, 99.0,99.0, 19.96,"P48+ZTF","1","None","None",True,True
"2018 May 08",2458246.7532,"r", -27.77, 17.96,0.03, 19.96,"P48+ZTF","1","None","None",True,True
"2018 May 11",2458249.7744,"r", -27.88, 17.85,0.04, 19.84,"P48+ZTF","1","None","None",True,True
"2018 May 17",2458255.7931,"r", 99.0, 99.0,99.0, 20.17,"P48+ZTF","1","None","None",True,False
"2018 May 17",2458255.7931,"r", 99.0, 99.0,99.0, 20.17,"P48+ZTF","1","None","None",True,True
"2018 May 20",2458258.7520,"r", -26.25, 19.48,0.12, 20.33,"P48+ZTF","1","None","None",True,False
"2018 May 29",2458267.8154,"r", 99.0, 99.0,99.0, 18.37,"P48+ZTF","1","None","None",True,False
"2018 May 29",2458267.8154,"r", 99.0, 99.0,99.0, 18.37,"P48+ZTF","1","None","None",True,True
"2018 Jun 01",2458270.7990,"r", 99.0, 99.0,99.0, 19.82,"P48+ZTF","1","None","None",True,False
"2018 Jun 01",2458270.7990,"r", 99.0, 99.0,99.0, 19.82,"P48+ZTF","1","None","None",True,True
"2018 Jun 04",2458273.8166,"r", 99.0, 99.0,99.0, 20.36,"P48+ZTF","1","None","None",True,False
"2018 Jun 04",2458273.8166,"r", 99.0, 99.0,99.0, 20.36,"P48+ZTF","1","None","None",True,True
"2018 Jun 07",2458276.7756,"r", 99.0, 99.0,99.0, 20.68,"P48+ZTF","1","None","None",True,False
"2018 Jun 07",2458276.7756,"r", 99.0, 99.0,99.0, 20.68,"P48+ZTF","1","None","None",True,True
"2018 Jun 10",2458279.7531,"r", -27.28, 18.45,0.04, 20.66,"P48+ZTF","1","None","None",True,True
"2018 Jun 13",2458282.7103,"r", -27.35, 18.38,0.04, 20.60,"P48+ZTF","1","None","None",True,True
"2018 Jun 16",2458285.6929,"r", 99.0, 99.0,99.0, 17.35,"P48+ZTF","1","None","None",True,False
"2018 Jun 16",2458285.6929,"r", 99.0, 99.0,99.0, 17.35,"P48+ZTF","1","None","None",True,True
"2018 Jun 19",2458288.7540,"r", -26.27, 19.46,0.32, 20.46,"P48+ZTF","1","None","None",True,False
"2018 Jun 22",2458291.7352,"r", -27.01, 18.72,0.12, 19.76,"P48+ZTF","1","None","None",True,False
"2018 Jun 28",2458297.7900,"r", 99.0, 99.0,99.0, 19.26,"P48+ZTF","1","None","None",True,False
"2018 Jun 28",2458297.7900,"r", 99.0, 99.0,99.0, 19.26,"P48+ZTF","1","None","None",True,True
"2018 Jul 01",2458300.6741,"r", -26.99, 18.74,0.12, 19.96,"P48+ZTF","1","None","None",True,True
"2018 Jul 04",2458303.6737,"r", -26.89, 18.84,0.15, 20.18,"P48+ZTF","1","None","None",True,True
"2018 Jul 07",2458306.6911,"r", -26.94, 18.79,0.19, 20.28,"P48+ZTF","1","None","None",True,True
"2018 Jul 13",2458312.6911,"r", -27.30, 18.43,0.12, 20.26,"P48+ZTF","1","None","None",True,True
"2018 Jul 16",2458315.7358,"r", 99.0, 99.0,99.0, 19.40,"P48+ZTF","1","None","None",True,False
"2018 Jul 16",2458315.7358,"r", 99.0, 99.0,99.0, 19.40,"P48+ZTF","1","None","None",True,True
"2018 Jul 29",2458328.7156,"r", -27.48, 18.25,0.05, 20.38,"P48+ZTF","2","None","None",True,False
"2018 Jul 29",2458328.7694,"r", -27.36, 18.37,0.10, 19.64,"P48+ZTF","2","None","None",True,False
"2018 Jul 29",2458328.7809,"r", -27.53, 18.20,0.19, 18.53,"P48+ZTF","1","None","None",True,False
"2018 Aug 01",2458331.6875,"r", -27.38, 18.35,0.08, 20.22,"P48+ZTF","1","None","None",True,False
"2018 Aug 01",2458331.7733,"g", -26.97, 18.76,0.17, 19.24,"P48+ZTF","1","None","None",True,False
"2018 Aug 04",2458334.6765,"g", -27.08, 18.65,0.09, 20.63,"P48+ZTF","1","None","None",True,False
"2018 Aug 07",2458337.6829,"g", -27.20, 18.53,0.07, 20.67,"P48+ZTF","1","None","None",True,False
"2018 Aug 14",2458344.6796,"r", -27.72, 18.01,0.07, 20.10,"P48+ZTF","1","None","None",True,False
"2018 Aug 17",2458347.6988,"g", -27.29, 18.44,0.13, 19.70,"P48+ZTF","1","None","None",True,False
"2018 Sep 02",2458363.6560,"g", -26.87, 18.86,0.12, 20.04,"P48+ZTF","1","None","None",True,False
"2018 Dec 09",2458462.0514,"r", -27.25, 18.48,0.11, 19.53,"P48+ZTF","2","None","None",True,True
"2018 Dec 09",2458462.0562,"r", -27.33, 18.40,0.12, 19.51,"P48+ZTF","2","None","None",True,True
"2018 Dec 09",2458462.0609,"r", -27.15, 18.58,0.10, 19.46,"P48+ZTF","2","None","None",True,True
"2018 Dec 09",2458462.0656,"r", -27.20, 18.53,0.16, 18.93,"P48+ZTF","2","None","None",True,True
"2018 Dec 12",2458465.0534,"r", -27.66, 18.07,0.08, 19.67,"P48+ZTF","2","None","None",True,True
"2018 Dec 12",2458465.0583,"r", -27.68, 18.05,0.11, 18.94,"P48+ZTF","2","None","None",True,True
"2018 Dec 12",2458465.0631,"r", -27.50, 18.23,0.12, 19.10,"P48+ZTF","2","None","None",True,True
"2018 Dec 12",2458465.0680,"r", -27.44, 18.28,0.25, 18.16,"P48+ZTF","2","None","None",True,True
"2018 Dec 13",2458466.0558,"r", -27.65, 18.07,0.09, 19.56,"P48+ZTF","2","None","None",True,True
"2018 Dec 13",2458466.0607,"r", -27.68, 18.05,0.12, 19.43,"P48+ZTF","2","None","None",True,True
"2018 Dec 13",2458466.0656,"r", -27.70, 18.03,0.08, 19.25,"P48+ZTF","2","None","None",True,True
"2018 Dec 13",2458466.0705,"r", -27.68, 18.05,0.11, 18.80,"P48+ZTF","2","None","None",True,True
"2018 Dec 15",2458468.0565,"r", -27.21, 18.52,0.09, 20.18,"P48+ZTF","2","None","None",True,True
"2018 Dec 16",2458469.0587,"r", -27.05, 18.68,0.12, 20.06,"P48+ZTF","2","None","None",True,True
"2018 Dec 16",2458469.0635,"r", 99.0, 99.0,99.0, 20.04,"P48+ZTF","2","None","None",True,False
"2018 Dec 16",2458469.0635,"r", 99.0, 99.0,99.0, 20.04,"P48+ZTF","2","None","None",True,True
"2018 Dec 16",2458469.0684,"r", -26.96, 18.77,0.11, 19.95,"P48+ZTF","2","None","None",True,True
"2018 Dec 24",2458477.0371,"r", -26.97, 18.76,0.20, 19.68,"P48+ZTF","1","None","None",True,True
"2018 Dec 28",2458481.0250,"g", 99.0, 99.0,99.0, 19.14,"P48+ZTF","1","None","None",True,False
"2018 Dec 28",2458481.0250,"g", 99.0, 99.0,99.0, 19.14,"P48+ZTF","1","None","None",True,True
"2019 Jan 04",2458488.0158,"g", 99.0, 99.0,99.0, 20.47,"P48+ZTF","1","None","None",True,False
"2019 Jan 04",2458488.0158,"g", 99.0, 99.0,99.0, 20.47,"P48+ZTF","1","None","None",True,True
"2019 Jan 04",2458488.0482,"r", 99.0, 99.0,99.0, 20.32,"P48+ZTF","1","None","None",True,False
"2019 Jan 04",2458488.0482,"r", 99.0, 99.0,99.0, 20.32,"P48+ZTF","1","None","None",True,True
"2019 Jan 08",2458492.0157,"g", -26.15, 19.58,0.26, 19.63,"P48+ZTF","1","None","None",True,False
"2019 Jan 11",2458495.0396,"g", -26.33, 19.40,0.13, 20.69,"P48+ZTF","1","None","None",True,False
"2019 Jan 19",2458502.9707,"g", 99.0, 99.0,99.0, 18.67,"P48+ZTF","1","None","None",True,False
"2019 Jan 19",2458502.9707,"g", 99.0, 99.0,99.0, 18.67,"P48+ZTF","1","None","None",True,True
"2019 Jan 22",2458505.9826,"g", 99.0, 99.0,99.0, 18.79,"P48+ZTF","1","None","None",True,False
"2019 Jan 22",2458505.9826,"g", 99.0, 99.0,99.0, 18.79,"P48+ZTF","1","None","None",True,True
"2019 Jan 24",2458508.0369,"g", 99.0, 99.0,99.0, 19.32,"P48+ZTF","1","None","None",True,False
"2019 Jan 24",2458508.0369,"g", 99.0, 99.0,99.0, 19.32,"P48+ZTF","1","None","None",True,True
"2019 Jan 25",2458509.0181,"r", 99.0, 99.0,99.0, 19.49,"P48+ZTF","1","None","None",True,False
"2019 Jan 25",2458509.0181,"r", 99.0, 99.0,99.0, 19.49,"P48+ZTF","1","None","None",True,True
"2019 Jan 28",2458512.0016,"g", 99.0, 99.0,99.0, 19.76,"P48+ZTF","1","None","None",True,False
"2019 Jan 28",2458512.0016,"g", 99.0, 99.0,99.0, 19.76,"P48+ZTF","1","None","None",True,True
"2019 Feb 08",2458523.0198,"g", -26.35, 19.38,0.19, 20.44,"P48+ZTF","1","None","None",True,True
"2019 Feb 08",2458523.0457,"r", -27.39, 18.33,0.13, 20.58,"P48+ZTF","1","None","None",True,True
"2019 Feb 12",2458527.0231,"r", -26.86, 18.87,0.19, 19.96,"P48+ZTF","1","None","None",True,True
"2019 Feb 12",2458527.0447,"g", 99.0, 99.0,99.0, 20.04,"P48+ZTF","1","None","None",True,False
"2019 Feb 12",2458527.0447,"g", 99.0, 99.0,99.0, 20.04,"P48+ZTF","1","None","None",True,True
"2019 Feb 24",2458539.0434,"i", -27.57, 18.16,0.20, 18.46,"P48+ZTF","2","None","None",True,False
"2019 Feb 25",2458539.8723,"r", -26.58, 19.14,0.28, 19.08,"P48+ZTF","1","None","None",True,False
"2019 Mar 01",2458543.9603,"r", -26.74, 18.99,0.21, 20.19,"P48+ZTF","1","None","None",True,False
"2019 Mar 01",2458544.0047,"g", -26.56, 19.17,0.18, 19.94,"P48+ZTF","1","None","None",True,False
"2019 Mar 05",2458547.9170,"g", -26.48, 19.24,0.14, 20.48,"P48+ZTF","1","None","None",True,False
"2019 Mar 05",2458547.9573,"i", -27.75, 17.97,0.11, 19.95,"P48+ZTF","2","None","None",True,False
"2019 Mar 14",2458557.0017,"r", 99.0, 99.0,99.0, 19.91,"P48+ZTF","1","None","None",True,False
"2019 Mar 14",2458557.0017,"r", 99.0, 99.0,99.0, 19.91,"P48+ZTF","1","None","None",True,True
"2019 Mar 15",2458557.8395,"i", 99.0, 99.0,99.0, 19.08,"P48+ZTF","2","None","None",True,False
"2019 Mar 15",2458557.8395,"i", 99.0, 99.0,99.0, 19.08,"P48+ZTF","2","None","None",True,True
"2019 Mar 18",2458560.9187,"r", 99.0, 99.0,99.0, 20.02,"P48+ZTF","1","None","None",True,False
"2019 Mar 18",2458560.9187,"r", 99.0, 99.0,99.0, 20.02,"P48+ZTF","1","None","None",True,True
"2019 Mar 18",2458561.0007,"g", 99.0, 99.0,99.0, 20.02,"P48+ZTF","1","None","None",True,False
"2019 Mar 18",2458561.0007,"g", 99.0, 99.0,99.0, 20.02,"P48+ZTF","1","None","None",True,True
"2019 Mar 19",2458561.9597,"i", 99.0, 99.0,99.0, 17.89,"P48+ZTF","2","None","None",True,False
"2019 Mar 19",2458561.9597,"i", 99.0, 99.0,99.0, 17.89,"P48+ZTF","2","None","None",True,True
"2019 Mar 26",2458568.8987,"g", -26.21, 19.52,0.19, 19.87,"P48+ZTF","1","None","None",True,False
"2019 Mar 26",2458568.9606,"i", -27.49, 18.23,0.10, 19.58,"P48+ZTF","2","None","None",True,False
"2019 Mar 26",2458568.9994,"r", 99.0, 99.0,99.0, 19.72,"P48+ZTF","1","None","None",True,False
"2019 Mar 26",2458568.9994,"r", 99.0, 99.0,99.0, 19.72,"P48+ZTF","1","None","None",True,True
"2019 Mar 30",2458572.8798,"g", -26.72, 19.01,0.17, 20.11,"P48+ZTF","1","None","None",True,False
"2019 Mar 30",2458572.9150,"i", -27.88, 17.85,0.12, 19.56,"P48+ZTF","2","None","None",True,False
"2019 Mar 30",2458572.9582,"r", 99.0, 99.0,99.0, 20.38,"P48+ZTF","1","None","None",True,False
"2019 Mar 30",2458572.9582,"r", 99.0, 99.0,99.0, 20.38,"P48+ZTF","1","None","None",True,True
"2019 Apr 02",2458575.8347,"g", -26.72, 19.01,0.10, 20.74,"P48+ZTF","1","None","None",True,False
"2019 Apr 07",2458580.8927,"r", -27.28, 18.45,0.10, 20.45,"P48+ZTF","1","None","None",True,False
"2019 Apr 07",2458580.8982,"g", -26.86, 18.87,0.10, 20.39,"P48+ZTF","1","None","None",True,False
"2019 Apr 08",2458581.8934,"i", -28.01, 17.72,0.09, 19.67,"P48+ZTF","2","None","None",True,False
"2019 Apr 10",2458583.8523,"r", -27.22, 18.51,0.11, 20.01,"P48+ZTF","1","None","None",True,False
"2019 Apr 10",2458583.8759,"g", -26.84, 18.89,0.15, 20.14,"P48+ZTF","1","None","None",True,False
"2019 Apr 13",2458586.8561,"r", -27.33, 18.40,0.11, 20.21,"P48+ZTF","1","None","None",True,False
"2019 Apr 14",2458587.8528,"i", -28.08, 17.65,0.08, 19.28,"P48+ZTF","2","None","None",True,False
"2019 Apr 16",2458589.8358,"r", 99.0, 99.0,99.0, 17.57,"P48+ZTF","1","None","None",True,False
"2019 Apr 16",2458589.8358,"r", 99.0, 99.0,99.0, 17.57,"P48+ZTF","1","None","None",True,True
"2019 Apr 18",2458591.8114,"i", -28.11, 17.62,0.13, 18.19,"P48+ZTF","2","None","None",True,False
"2019 Apr 23",2458596.8766,"i", -28.08, 17.64,0.06, 19.66,"P48+ZTF","2","None","None",True,False
"2019 Apr 24",2458597.7971,"g", -26.68, 19.05,0.12, 20.36,"P48+ZTF","1","None","None",True,False
"2019 Apr 24",2458597.8787,"r", -27.06, 18.67,0.15, 20.22,"P48+ZTF","1","None","None",True,False
"2019 Apr 26",2458599.7942,"g", -26.63, 19.10,0.07, 21.24,"P48+ZTF","2","None","None",True,False
"2019 May 03",2458606.8578,"r", -27.02, 18.71,0.14, 20.61,"P48+ZTF","1","None","None",True,False
"2019 May 03",2458606.9360,"g", -26.64, 19.09,0.13, 20.77,"P48+ZTF","1","None","None",True,False
"2019 May 04",2458607.7813,"i", -27.95, 17.78,0.10, 20.01,"P48+ZTF","2","None","None",True,False
"2019 May 09",2458612.7942,"g", -26.62, 19.10,0.11, 20.86,"P48+ZTF","1","None","None",True,False
"2019 May 09",2458612.8374,"r", -27.02, 18.71,0.17, 20.78,"P48+ZTF","1","None","None",True,False
"2019 May 13",2458616.7727,"g", -26.76, 18.97,0.12, 20.04,"P48+ZTF","1","None","None",True,False
"2019 May 13",2458616.7948,"r", -27.20, 18.53,0.11, 20.07,"P48+ZTF","1","None","None",True,False
"2019 May 13",2458616.8157,"i", -28.06, 17.67,0.11, 19.78,"P48+ZTF","2","None","None",True,False
"2019 May 16",2458619.7727,"g", -26.75, 18.98,0.18, 19.01,"P48+ZTF","1","None","None",True,False
"2019 May 16",2458619.8156,"r", -27.13, 18.60,0.18, 18.93,"P48+ZTF","1","None","None",True,False
"2019 May 24",2458627.9382,"i", -28.14, 17.59,0.09, 19.73,"P48+ZTF","2","None","None",True,False
"2019 May 25",2458628.8115,"r", -27.34, 18.39,0.14, 20.48,"P48+ZTF","1","None","None",True,False
"2019 May 29",2458632.7724,"r", -27.46, 18.27,0.11, 20.34,"P48+ZTF","1","None","None",True,False
"2019 May 29",2458632.8416,"g", -26.93, 18.80,0.10, 20.44,"P48+ZTF","1","None","None",True,False
"2019 May 31",2458634.7503,"g", -26.97, 18.76,0.10, 20.69,"P48+ZTF","1","None","None",True,False
"2019 Jun 01",2458635.7123,"g", -27.02, 18.71,0.08, 20.85,"P48+ZTF","1","None","None",True,False
"2019 Jun 01",2458635.7916,"r", -27.54, 18.19,0.10, 20.77,"P48+ZTF","1","None","None",True,False
"2019 Jun 03",2458637.7871,"i", -28.34, 17.39,0.08, 20.06,"P48+ZTF","2","None","None",True,False
"2019 Jun 04",2458638.8167,"g", -27.08, 18.64,0.11, 20.63,"P48+ZTF","1","None","None",True,False
"2019 Jun 07",2458641.7093,"g", -26.99, 18.74,0.09, 20.68,"P48+ZTF","1","None","None",True,False
"2019 Jun 07",2458641.7697,"i", -28.37, 17.36,0.07, 20.00,"P48+ZTF","2","None","None",True,False
"2019 Jun 07",2458641.7746,"r", -27.62, 18.11,0.11, 20.73,"P48+ZTF","1","None","None",True,False
"2019 Jun 09",2458643.7087,"g", -27.03, 18.70,0.12, 20.30,"P48+ZTF","1","None","None",True,False
"2019 Jun 10",2458644.7089,"g", -27.08, 18.65,0.08, 20.29,"P48+ZTF","1","None","None",True,False
"2019 Jun 10",2458644.7547,"r", -27.61, 18.11,0.10, 20.37,"P48+ZTF","1","None","None",True,False
"2019 Jun 11",2458645.7535,"i", -28.37, 17.36,0.06, 19.38,"P48+ZTF","2","None","None",True,False
"2019 Jun 11",2458645.7707,"i", -28.34, 17.39,0.10, 19.60,"P48+ZTF","2","None","None",True,False
"2019 Jun 13",2458647.7311,"r", -27.71, 18.02,0.09, 19.57,"P48+ZTF","1","None","None",True,False
"2019 Jun 15",2458649.8313,"i", -28.37, 17.36,0.07, 18.92,"P48+ZTF","2","None","None",True,False
"2019 Jun 16",2458650.6917,"g", -27.23, 18.50,0.12, 19.28,"P48+ZTF","1","None","None",True,False
"2019 Jun 16",2458650.7546,"r", -27.70, 18.03,0.09, 19.57,"P48+ZTF","1","None","None",True,False
"2019 Jun 19",2458653.7322,"i", -28.45, 17.28,0.05, 19.54,"P48+ZTF","2","None","None",True,False
"2019 Jun 20",2458654.6887,"r", -27.74, 17.98,0.08, 20.49,"P48+ZTF","1","None","None",True,False
"2019 Jun 20",2458654.7513,"g", -27.18, 18.55,0.08, 20.07,"P48+ZTF","1","None","None",True,False
"2019 Jun 23",2458657.7110,"g", -27.21, 18.52,0.09, 20.67,"P48+ZTF","1","None","None",True,False
"2019 Jun 23",2458657.7553,"r", -27.76, 17.97,0.06, 20.40,"P48+ZTF","1","None","None",True,False
"2019 Jun 25",2458659.6744,"i", -28.41, 17.32,0.08, 19.83,"P48+ZTF","2","None","None",True,False
"2019 Jun 26",2458660.7105,"r", -27.73, 18.00,0.06, 20.37,"P48+ZTF","1","None","None",True,False
"2019 Jun 29",2458663.6714,"i", -28.40, 17.33,0.08, 19.22,"P48+ZTF","2","None","None",True,False
"2019 Jun 29",2458663.6915,"r", -27.75, 17.98,0.10, 19.20,"P48+ZTF","1","None","None",True,False
"2019 Jun 29",2458663.7122,"g", -27.25, 18.48,0.08, 20.69,"P48+ZTF","1","None","None",True,False
"2019 Jul 02",2458666.6719,"r", -27.74, 17.99,0.11, 20.26,"P48+ZTF","1","None","None",True,False
"2019 Jul 03",2458667.6862,"i", -28.44, 17.29,0.08, 19.99,"P48+ZTF","2","None","None",True,False
"2019 Jul 05",2458669.6847,"r", -27.80, 17.93,0.08, 20.24,"P48+ZTF","1","None","None",True,False
"2019 Jul 07",2458671.6862,"i", -28.47, 17.26,0.11, 19.25,"P48+ZTF","2","None","None",True,False
"2019 Jul 08",2458672.6816,"g", -27.26, 18.47,0.08, 20.37,"P48+ZTF","1","None","None",True,False
"2019 Jul 08",2458672.6933,"r", -27.79, 17.93,0.09, 20.44,"P48+ZTF","1","None","None",True,False
"2019 Jul 11",2458675.6788,"i", -28.50, 17.23,0.06, 19.16,"P48+ZTF","2","None","None",True,False
"2019 Jul 11",2458675.6886,"i", -28.47, 17.26,0.08, 19.26,"P48+ZTF","2","None","None",True,False
"2019 Jul 11",2458675.7338,"r", -27.76, 17.96,0.09, 19.66,"P48+ZTF","1","None","None",True,False
"2019 Jul 11",2458675.7994,"g", -27.25, 18.48,0.09, 19.48,"P48+ZTF","1","None","None",True,False
"2019 Jul 14",2458678.6935,"r", -27.74, 17.99,0.09, 19.77,"P48+ZTF","1","None","None",True,False
"2019 Jul 14",2458678.7705,"g", -27.00, 18.73,0.12, 19.34,"P48+ZTF","1","None","None",True,False
"2019 Jul 17",2458681.6675,"g", -27.19, 18.54,0.13, 19.44,"P48+ZTF","1","None","None",True,False
"2019 Jul 17",2458681.7530,"r", -27.76, 17.97,0.10, 19.39,"P48+ZTF","1","None","None",True,False
"2019 Jul 20",2458684.6868,"r", -27.78, 17.95,0.09, 20.38,"P48+ZTF","1","None","None",True,False
"2019 Jul 23",2458687.6665,"r", -27.68, 18.05,0.35, 17.64,"P48+ZTF","1","None","None",True,False
"2019 Jul 26",2458690.6717,"r", -27.82, 17.91,0.09, 20.38,"P48+ZTF","1","None","None",True,False
"2019 Jul 26",2458690.6947,"g", -27.28, 18.45,0.08, 20.59,"P48+ZTF","1","None","None",True,False
"2019 Jul 29",2458693.7342,"g", -27.40, 18.33,0.10, 20.34,"P48+ZTF","1","None","None",True,False
"2019 Jul 31",2458695.6929,"r", -28.11, 17.62,0.12, 17.98,"P48+ZTF","2","None","None",True,False
"2019 Jul 31",2458695.7141,"g", -27.14, 18.59,0.05, 19.78,"P48+ZTF","2","None","None",True,False
"2019 Aug 03",2458698.6766,"r", -27.93, 17.80,0.08, 19.93,"P48+ZTF","1","None","None",True,False
"2019 Aug 03",2458698.6954,"g", 99.0, 99.0,99.0, 17.46,"P48+ZTF","1","None","None",True,False
"2019 Aug 03",2458698.6954,"g", 99.0, 99.0,99.0, 17.46,"P48+ZTF","1","None","None",True,True
"2019 Aug 06",2458701.6751,"r", 99.0, 99.0,99.0, 16.42,"P48+ZTF","1","None","None",True,False
"2019 Aug 06",2458701.6751,"r", 99.0, 99.0,99.0, 16.42,"P48+ZTF","1","None","None",True,True
"2019 Aug 10",2458705.6647,"r", -27.97, 17.76,0.09, 19.70,"P48+ZTF","1","None","None",True,False
"2019 Aug 10",2458705.7496,"g", -27.47, 18.26,0.10, 19.22,"P48+ZTF","1","None","None",True,False
"2019 Aug 13",2458708.6531,"g", -27.48, 18.24,0.10, 19.51,"P48+ZTF","1","None","None",True,False
"2019 Aug 17",2458712.7379,"r", -28.03, 17.70,0.08, 19.31,"P48+ZTF","1","None","None",True,False
"2019 Aug 20",2458715.6541,"g", -27.52, 18.21,0.11, 20.46,"P48+ZTF","1","None","None",True,False
"2019 Aug 23",2458718.6434,"r", -28.14, 17.59,0.08, 19.84,"P48+ZTF","1","None","None",True,False
"2019 Aug 23",2458718.6564,"g", -27.61, 18.12,0.07, 20.27,"P48+ZTF","1","None","None",True,False
"2019 Aug 28",2458723.6530,"g", -27.56, 18.17,0.08, 20.00,"P48+ZTF","1","None","None",True,False
"2019 Aug 31",2458726.6381,"r", -28.07, 17.66,0.09, 19.79,"P48+ZTF","1","None","None",True,False
"2019 Aug 31",2458726.6638,"g", -27.55, 18.18,0.09, 20.13,"P48+ZTF","1","None","None",True,False
"2019 Sep 02",2458728.6467,"g", -27.56, 18.16,0.09, 20.15,"P48+ZTF","2","None","None",True,False
"2019 Sep 03",2458729.6434,"g", -27.59, 18.14,0.11, 19.15,"P48+ZTF","2","None","None",True,False
"2019 Sep 08",2458734.6491,"g", -27.48, 18.25,0.09, 19.42,"P48+ZTF","1","None","None",True,False
"2019 Sep 24",2458750.6143,"r", -28.10, 17.62,0.07, 18.59,"P48+ZTF","2","None","None",True,False
"2019 Sep 24",2458750.6192,"r", -28.07, 17.66,0.07, 19.16,"P48+ZTF","2","None","None",True,False
"2019 Sep 24",2458750.6241,"r", -28.01, 17.72,0.10, 19.13,"P48+ZTF","2","None","None",True,False
"2019 Sep 24",2458750.6290,"r", -28.04, 17.69,0.09, 19.06,"P48+ZTF","2","None","None",True,False
"2019 Sep 24",2458750.6391,"g", -27.52, 18.21,0.16, 19.03,"P48+ZTF","1","None","None",True,False
"2019 Sep 28",2458754.6171,"r", -28.07, 17.66,0.07, 19.55,"P48+ZTF","2","None","None",True,False
"2019 Sep 28",2458754.6219,"r", -27.98, 17.75,0.08, 19.50,"P48+ZTF","2","None","None",True,False
"2019 Oct 02",2458758.6034,"r", -27.87, 17.86,0.07, 18.76,"P48+ZTF","2","None","None",True,False
"2019 Oct 02",2458758.6082,"r", -27.96, 17.77,0.07, 18.98,"P48+ZTF","2","None","None",True,False
"2019 Oct 02",2458758.6131,"r", -27.93, 17.80,0.08, 19.34,"P48+ZTF","2","None","None",True,False
"2019 Oct 02",2458758.6179,"r", -27.93, 17.80,0.08, 19.26,"P48+ZTF","2","None","None",True,False
"2019 Oct 04",2458760.6010,"r", -27.93, 17.80,0.08, 18.65,"P48+ZTF","2","None","None",True,False
"2019 Oct 04",2458760.6059,"r", -27.98, 17.74,0.07, 18.88,"P48+ZTF","2","None","None",True,False
"2019 Oct 04",2458760.6107,"r", -27.95, 17.78,0.09, 19.13,"P48+ZTF","2","None","None",True,False
"2019 Oct 04",2458760.6155,"r", -27.95, 17.78,0.07, 19.18,"P48+ZTF","2","None","None",True,False
"2019 Oct 05",2458761.6015,"g", 99.0, 99.0,99.0, 18.86,"P48+ZTF","1","None","None",True,False
"2019 Oct 05",2458761.6015,"g", 99.0, 99.0,99.0, 18.86,"P48+ZTF","1","None","None",True,True
"2019 Oct 05",2458761.6103,"r", -27.98, 17.75,0.07, 19.16,"P48+ZTF","1","None","None",True,False
"2019 Oct 06",2458762.5990,"r", -27.73, 18.00,0.11, 18.56,"P48+ZTF","2","None","None",True,False
"2019 Oct 06",2458762.6040,"r", -27.90, 17.83,0.09, 19.00,"P48+ZTF","2","None","None",True,False
"2019 Oct 06",2458762.6090,"r", -27.89, 17.84,0.09, 19.26,"P48+ZTF","2","None","None",True,False
"2019 Oct 06",2458762.6140,"r", -27.86, 17.86,0.08, 19.15,"P48+ZTF","2","None","None",True,False
"2019 Oct 08",2458764.5964,"r", -27.87, 17.86,0.09, 18.54,"P48+ZTF","2","None","None",True,False
"2019 Oct 08",2458764.6013,"r", -27.84, 17.89,0.09, 18.99,"P48+ZTF","2","None","None",True,False
"2019 Oct 08",2458764.6062,"r", -27.80, 17.93,0.12, 19.19,"P48+ZTF","2","None","None",True,False
"2019 Oct 08",2458764.6110,"r", -27.79, 17.94,0.11, 19.16,"P48+ZTF","2","None","None",True,False
"2019 Oct 10",2458766.5950,"r", -27.74, 17.99,0.17, 18.03,"P48+ZTF","2","None","None",True,False
"2019 Oct 10",2458766.6000,"r", -27.55, 18.17,0.14, 18.48,"P48+ZTF","2","None","None",True,False
"2019 Oct 10",2458766.6050,"r", -27.63, 18.10,0.12, 18.57,"P48+ZTF","2","None","None",True,False
"2019 Oct 10",2458766.6100,"r", -27.57, 18.16,0.16, 18.47,"P48+ZTF","2","None","None",True,False
"2019 Dec 10",2458828.0535,"r", -26.98, 18.75,0.15, 19.56,"P48+ZTF","2","None","None",True,False
"2019 Dec 10",2458828.0583,"r", -27.01, 18.72,0.17, 19.69,"P48+ZTF","2","None","None",True,False
"2019 Dec 10",2458828.0631,"r", 99.0, 99.0,99.0, 19.40,"P48+ZTF","2","None","None",True,False
"2019 Dec 10",2458828.0631,"r", 99.0, 99.0,99.0, 19.40,"P48+ZTF","2","None","None",True,True
"2019 Dec 10",2458828.0679,"r", -26.93, 18.80,0.21, 19.13,"P48+ZTF","2","None","None",True,False
"2019 Dec 12",2458830.0545,"r", 99.0, 99.0,99.0, 16.26,"P48+ZTF","2","None","None",True,False
"2019 Dec 12",2458830.0545,"r", 99.0, 99.0,99.0, 16.26,"P48+ZTF","2","None","None",True,True
"2019 Dec 12",2458830.0593,"r", 99.0, 99.0,99.0, 16.38,"P48+ZTF","2","None","None",True,False
"2019 Dec 12",2458830.0593,"r", 99.0, 99.0,99.0, 16.38,"P48+ZTF","2","None","None",True,True
"2019 Dec 12",2458830.0640,"r", 99.0, 99.0,99.0, 17.18,"P48+ZTF","2","None","None",True,False
"2019 Dec 12",2458830.0640,"r", 99.0, 99.0,99.0, 17.18,"P48+ZTF","2","None","None",True,True
"2019 Dec 12",2458830.0688,"r", 99.0, 99.0,99.0, 17.95,"P48+ZTF","2","None","None",True,False
"2019 Dec 12",2458830.0688,"r", 99.0, 99.0,99.0, 17.95,"P48+ZTF","2","None","None",True,True
"2019 Dec 18",2458836.0594,"r", -27.10, 18.63,0.10, 19.23,"P48+ZTF","2","None","None",True,False
"2019 Dec 20",2458838.0492,"g", 99.0, 99.0,99.0, 18.87,"P48+ZTF","1","None","None",True,False
"2019 Dec 20",2458838.0492,"g", 99.0, 99.0,99.0, 18.87,"P48+ZTF","1","None","None",True,True
"2020 Jan 04",2458853.0248,"g", -26.87, 18.86,0.11, 20.26,"P48+ZTF","1","None","None",True,False
"2020 Jan 04",2458853.0627,"r", -27.34, 18.39,0.10, 20.12,"P48+ZTF","1","None","None",True,False
"2020 Jan 07",2458856.0021,"g", -26.86, 18.87,0.08, 20.22,"P48+ZTF","1","None","None",True,False
"2020 Jan 13",2458862.0199,"g", 99.0, 99.0,99.0, 19.19,"P48+ZTF","1","None","None",True,False
"2020 Jan 13",2458862.0199,"g", 99.0, 99.0,99.0, 19.19,"P48+ZTF","1","None","None",True,True
"2020 Jan 16",2458864.9621,"g", -27.11, 18.62,0.12, 19.30,"P48+ZTF","1","None","None",True,False
"2020 Jan 16",2458865.0212,"r", -27.49, 18.24,0.11, 20.10,"P48+ZTF","1","None","None",True,False
"2020 Jan 24",2458872.9439,"g", -27.07, 18.65,0.10, 20.17,"P48+ZTF","1","None","None",True,False
"2020 Jan 24",2458873.0651,"r", -27.49, 18.24,0.11, 20.00,"P48+ZTF","1","None","None",True,False
"2020 Jan 27",2458875.9818,"g", -27.13, 18.60,0.10, 20.33,"P48+ZTF","1","None","None",True,False
"2020 Jan 27",2458876.0559,"r", -27.52, 18.21,0.07, 19.98,"P48+ZTF","1","None","None",True,False
"2020 Jan 30",2458879.0245,"g", -27.04, 18.69,0.11, 20.28,"P48+ZTF","1","None","None",True,False
"2020 Jan 30",2458879.0618,"r", 99.0, 99.0,99.0, 20.04,"P48+ZTF","1","None","None",True,False
"2020 Jan 30",2458879.0618,"r", 99.0, 99.0,99.0, 20.04,"P48+ZTF","1","None","None",True,True
"2020 Jan 30",2458879.0618,"r", -27.55, 18.18,0.10, 20.04,"P48+ZTF","1","None","None",True,False
"2020 Feb 02",2458882.0443,"r", -27.57, 18.15,0.11, 20.54,"P48+ZTF","1","None","None",True,False
"2020 Feb 05",2458884.9197,"g", -26.93, 18.80,0.20, 19.21,"P48+ZTF","1","None","None",True,False
"2020 Feb 05",2458885.0584,"r", -27.49, 18.23,0.08, 20.01,"P48+ZTF","1","None","None",True,False
"2020 Feb 08",2458887.9606,"g", -27.08, 18.64,0.12, 19.34,"P48+ZTF","1","None","None",True,False
"2020 Feb 08",2458888.0351,"r", -27.56, 18.17,0.13, 20.00,"P48+ZTF","1","None","None",True,False
"2020 Feb 11",2458891.0001,"r", -27.61, 18.12,0.15, 18.79,"P48+ZTF","1","None","None",True,False
"2020 Feb 11",2458891.0435,"g", -27.19, 18.54,0.14, 19.10,"P48+ZTF","1","None","None",True,False
"2020 Feb 15",2458895.0247,"r", -27.52, 18.21,0.09, 19.78,"P48+ZTF","1","None","None",True,False
"2020 Feb 19",2458899.0185,"r", -27.47, 18.26,0.12, 20.71,"P48+ZTF","1","None","None",True,False
"2020 Feb 25",2458905.0045,"r", -26.98, 18.74,0.12, 20.42,"P48+ZTF","1","None","None",True,False
"2020 Feb 25",2458905.0461,"g", -26.53, 19.20,0.12, 20.40,"P48+ZTF","1","None","None",True,False
"2020 Feb 29",2458908.9865,"r", -27.35, 18.37,0.09, 20.11,"P48+ZTF","1","None","None",True,False
"2020 Feb 29",2458909.0246,"g", -27.10, 18.63,0.15, 19.30,"P48+ZTF","1","None","None",True,False
"2020 Mar 03",2458911.9981,"r", -27.37, 18.36,0.10, 19.95,"P48+ZTF","1","None","None",True,False
"2020 Mar 03",2458912.0235,"g", -26.94, 18.79,0.13, 20.24,"P48+ZTF","1","None","None",True,False
"2020 Mar 06",2458914.9801,"g", -26.88, 18.85,0.17, 19.70,"P48+ZTF","1","None","None",True,False
"2020 Mar 06",2458915.0194,"r", -27.36, 18.37,0.11, 20.70,"P48+ZTF","1","None","None",True,False
"2020 Mar 28",2458936.9403,"r", 99.0, 99.0,99.0, 20.61,"P48+ZTF","1","None","None",True,False
"2020 Mar 28",2458936.9403,"r", 99.0, 99.0,99.0, 20.61,"P48+ZTF","1","None","None",True,True
"2020 Mar 28",2458936.9623,"g", -25.53, 20.20,0.20, 20.61,"P48+ZTF","1","None","None",True,False
"2020 Mar 31",2458939.9344,"r", 99.0, 99.0,99.0, 18.51,"P48+ZTF","1","None","None",True,False
"2020 Mar 31",2458939.9344,"r", 99.0, 99.0,99.0, 18.51,"P48+ZTF","1","None","None",True,True
"2020 Mar 31",2458939.9411,"g", 99.0, 99.0,99.0, 19.31,"P48+ZTF","1","None","None",True,False
"2020 Mar 31",2458939.9411,"g", 99.0, 99.0,99.0, 19.31,"P48+ZTF","1","None","None",True,True
"2020 Apr 04",2458943.9199,"g", 99.0, 99.0,99.0, 19.98,"P48+ZTF","1","None","None",True,False
"2020 Apr 04",2458943.9199,"g", 99.0, 99.0,99.0, 19.98,"P48+ZTF","1","None","None",True,True
"2020 Apr 04",2458943.9634,"r", -26.53, 19.20,0.16, 19.92,"P48+ZTF","1","None","None",True,False
"2020 Apr 14",2458953.9419,"r", -26.75, 18.98,0.18, 20.30,"P48+ZTF","1","None","None",True,False
"2020 Apr 15",2458954.8693,"i", -27.89, 17.84,0.10, 19.99,"P48+ZTF","2","None","None",True,False
"2020 Apr 17",2458956.8515,"r", 99.0, 99.0,99.0, 20.36,"P48+ZTF","1","None","None",True,False
"2020 Apr 17",2458956.8515,"r", 99.0, 99.0,99.0, 20.36,"P48+ZTF","1","None","None",True,True
"2020 Apr 22",2458961.9004,"r", -26.97, 18.76,0.15, 19.87,"P48+ZTF","1","None","None",True,False
"2020 Apr 24",2458963.8336,"g", -26.05, 19.68,0.20, 20.55,"P48+ZTF","1","None","None",True,False
"2020 Apr 24",2458963.8350,"g", -26.18, 19.54,0.18, 20.48,"P48+ZTF","2","None","None",True,False
"2020 Apr 25",2458964.8570,"g", -25.81, 19.91,0.21, 20.68,"P48+ZTF","1","None","None",True,False
"2020 Apr 25",2458964.9040,"r", 99.0, 99.0,99.0, 20.53,"P48+ZTF","1","None","None",True,False
"2020 Apr 25",2458964.9040,"r", 99.0, 99.0,99.0, 20.53,"P48+ZTF","1","None","None",True,True
"2020 Apr 26",2458965.8884,"i", -27.63, 18.10,0.12, 20.07,"P48+ZTF","2","None","None",True,False
"2020 Apr 28",2458967.7916,"g", 99.0, 99.0,99.0, 20.68,"P48+ZTF","1","None","None",True,True
"2020 Apr 28",2458967.8592,"r", 99.0, 99.0,99.0, 20.60,"P48+ZTF","1","None","None",True,True
"2020 May 01",2458970.7950,"g", 99.0, 99.0,99.0, 20.25,"P48+ZTF","1","None","None",True,True
"2020 May 01",2458970.8143,"i", 99.0, 99.0,99.0, 19.56,"P48+ZTF","2","None","None",True,True
"2020 May 01",2458970.8955,"r", 99.0, 99.0,99.0, 20.45,"P48+ZTF","1","None","None",True,True
"2020 May 04",2458973.7702,"g", 99.0, 99.0,99.0, 19.63,"P48+ZTF","1","None","None",True,True
"2020 May 05",2458974.8909,"i", 99.0, 99.0,99.0, 19.23,"P48+ZTF","2","None","None",True,True
"2020 May 07",2458976.8152,"r", 99.0, 99.0,99.0, 18.84,"P48+ZTF","1","None","None",True,True
"2020 May 09",2458978.8320,"i", 99.0, 99.0,99.0, 19.31,"P48+ZTF","2","None","None",True,True
"2020 May 10",2458979.7482,"g", 99.0, 99.0,99.0, 19.92,"P48+ZTF","1","None","None",True,True
"2020 May 10",2458979.8147,"r", 99.0, 99.0,99.0, 19.81,"P48+ZTF","1","None","None",True,True
"2020 May 16",2458985.7890,"r", 99.0, 99.0,99.0, 20.62,"P48+ZTF","1","None","None",True,True
"2020 May 22",2458991.7919,"r", 99.0, 99.0,99.0, 20.61,"P48+ZTF","1","None","None",True,True
"2020 May 22",2458991.7941,"g", -25.83, 19.90,0.28, 20.53,"P48+ZTF","1","None","None",True,False
"2020 May 23",2458992.7891,"r", 99.0, 99.0,99.0, 20.61,"P48+ZTF","1","None","None",True,True
"2020 May 26",2458995.7559,"r", 99.0, 99.0,99.0, 20.59,"P48+ZTF","1","None","None",True,True
"2020 May 26",2458995.7975,"g", -26.06, 19.67,0.19, 20.63,"P48+ZTF","1","None","None",True,False
"2020 May 28",2458997.8330,"i", -27.56, 18.16,0.11, 19.89,"P48+ZTF","2","None","None",True,False
"2020 May 29",2458998.7564,"r", 99.0, 99.0,99.0, 20.61,"P48+ZTF","1","None","None",True,True
"2020 May 29",2458998.7898,"r", 99.0, 99.0,99.0, 20.61,"P48+ZTF","1","None","None",True,True
"2020 May 29",2458998.8526,"g", 99.0, 99.0,99.0, 20.82,"P48+ZTF","1","None","None",True,True
"2020 Jun 01",2459001.7588,"r", 99.0, 99.0,99.0, 19.85,"P48+ZTF","1","None","None",True,True
"2020 Jun 01",2459001.8708,"g", 99.0, 99.0,99.0, 19.82,"P48+ZTF","1","None","None",True,True
"2020 Jun 05",2459005.7285,"g", 99.0, 99.0,99.0, 19.27,"P48+ZTF","1","None","None",True,True
"2020 Jun 05",2459005.7662,"r", 99.0, 99.0,99.0, 19.39,"P48+ZTF","1","None","None",True,True
"2020 Jun 09",2459009.7105,"r", -26.86, 18.86,0.11, 19.90,"P48+ZTF","1","None","None",True,True
"2020 Jun 09",2459009.7529,"g", -26.26, 19.47,0.16, 20.20,"P48+ZTF","1","None","None",True,True
"2020 Jun 12",2459012.7535,"r", -27.48, 18.25,0.20, 20.69,"P48+ZTF","1","None","None",True,True
"2020 Jun 12",2459012.7951,"g", -26.98, 18.74,0.10, 20.76,"P48+ZTF","1","None","None",True,True
"2020 Jun 13",2459013.7523,"i", -27.17, 18.56,0.10, 19.98,"P48+ZTF","2","None","None",True,True
"2020 Jun 16",2459016.7002,"g", -27.70, 18.03,0.07, 20.78,"P48+ZTF","1","None","None",True,True
"2020 Jun 16",2459016.7349,"r", 99.0, 99.0,99.0, 20.21,"P48+ZTF","1","None","None",True,True
"2020 Jun 18",2459018.7961,"i", -28.10, 17.62,0.09, 20.04,"P48+ZTF","2","None","None",True,True
"2020 Jun 19",2459019.7122,"r", -28.01, 17.72,0.08, 20.72,"P48+ZTF","1","None","None",True,True
"2020 Jun 19",2459019.7547,"g", -27.55, 18.18,0.06, 20.75,"P48+ZTF","1","None","None",True,True
"2020 Jun 22",2459022.6993,"g", -27.53, 18.20,0.11, 20.59,"P48+ZTF","1","None","None",True,True
"2020 Jun 22",2459022.7317,"r", 99.0, 99.0,99.0, 20.65,"P48+ZTF","1","None","None",True,True
"2020 Jun 22",2459022.7935,"i", 99.0, 99.0,99.0, 19.94,"P48+ZTF","2","None","None",True,True
"2020 Jun 25",2459025.6904,"r", -28.19, 17.53,0.06, 20.03,"P48+ZTF","1","None","None",True,True
"2020 Jun 25",2459025.7313,"g", -27.63, 18.10,0.08, 20.48,"P48+ZTF","1","None","None",True,True
"2020 Jun 26",2459026.7939,"i", -28.43, 17.30,0.09, 18.59,"P48+ZTF","2","None","None",True,True
"2020 Jun 28",2459028.7011,"g", -27.89, 17.84,0.06, 20.18,"P48+ZTF","1","None","None",True,True
"2020 Jun 28",2459028.7131,"r", -28.37, 17.36,0.06, 20.11,"P48+ZTF","1","None","None",True,True
"2020 Jul 01",2459031.6888,"g", -28.23, 17.50,0.05, 19.49,"P48+ZTF","1","None","None",True,True
"2020 Jul 01",2459031.7106,"r", 99.0, 99.0,99.0, 19.32,"P48+ZTF","1","None","None",True,True
"2020 Jul 02",2459032.7518,"i", 99.0, 99.0,99.0, 19.45,"P48+ZTF","2","None","None",True,True
"2020 Jul 04",2459034.6950,"g", -28.24, 17.49,0.07, 19.32,"P48+ZTF","1","None","None",True,True
"2020 Jul 07",2459037.6893,"r", -28.78, 16.95,0.03, 20.16,"P48+ZTF","1","None","None",True,True
"2020 Jul 08",2459038.7991,"i", -28.87, 16.86,0.04, 19.66,"P48+ZTF","2","None","None",True,True
"2020 Jul 10",2459040.6971,"r", -28.65, 17.08,0.05, 20.56,"P48+ZTF","1","None","None",True,True
"2020 Jul 10",2459040.7317,"g", -28.24, 17.49,0.05, 20.65,"P48+ZTF","1","None","None",True,True
"2020 Jul 12",2459042.7524,"i", -28.81, 16.92,0.05, 19.97,"P48+ZTF","2","None","None",True,True
"2020 Jul 13",2459043.6909,"g", -28.23, 17.49,0.06, 20.70,"P48+ZTF","1","None","None",True,True
"2020 Jul 16",2459046.6895,"r", -28.89, 16.84,0.06, 20.49,"P48+ZTF","1","None","None",True,True
"2020 Jul 18",2459048.8054,"i", -28.94, 16.78,0.06, 19.88,"P48+ZTF","2","None","None",True,True
"2020 Jul 19",2459049.6848,"r", -28.81, 16.92,0.05, 20.50,"P48+ZTF","1","None","None",True,True
"2020 Jul 19",2459049.7073,"g", -28.31, 17.42,0.06, 20.73,"P48+ZTF","1","None","None",True,True
"2020 Jul 22",2459052.6918,"i", -29.12, 16.61,0.06, 19.91,"P48+ZTF","2","None","None",True,True
"2020 Jul 26",2459056.7936,"i", -29.42, 16.31,0.04, 19.44,"P48+ZTF","2","None","None",True,True
"2020 Jul 30",2459060.7329,"i", -29.42, 16.30,0.05, 19.51,"P48+ZTF","2","None","None",True,True
"2020 Aug 01",2459062.6906,"g", -28.49, 17.23,0.06, 19.72,"P48+ZTF","1","None","None",True,True
"2020 Aug 01",2459062.7292,"r", -29.04, 16.68,0.06, 19.48,"P48+ZTF","1","None","None",True,True
"2020 Aug 02",2459063.6684,"r", -29.01, 16.72,0.04, 19.88,"P48+ZTF","1","None","None",True,True
"2020 Aug 03",2459064.7323,"i", -29.12, 16.61,0.04, 19.08,"P48+ZTF","2","None","None",True,True
"2020 Aug 04",2459065.6681,"r", -28.93, 16.80,0.05, 19.71,"P48+ZTF","1","None","None",True,True
"2020 Aug 09",2459070.7586,"i", -29.12, 16.61,0.05, 19.57,"P48+ZTF","2","None","None",True,True
"2020 Aug 13",2459074.7384,"i", -29.36, 16.37,0.06, 18.58,"P48+ZTF","2","None","None",True,True
"2020 Aug 17",2459078.7492,"i", -29.09, 16.63,0.05, 19.01,"P48+ZTF","2","None","None",True,True
"2020 Aug 21",2459082.7198,"i", -29.27, 16.46,0.04, 19.27,"P48+ZTF","2","None","None",True,True
"2020 Aug 25",2459086.7106,"i", -29.30, 16.43,0.04, 18.97,"P48+ZTF","2","None","None",True,True
"2020 Aug 30",2459091.6477,"i", -29.34, 16.39,0.05, 19.70,"P48+ZTF","2","None","None",True,True
"2020 Sep 17",2459109.6381,"i", -27.65, 18.08,0.12, 19.09,"P48+ZTF","2","None","None",True,True
"2020 Dec 09",2459193.0519,"r", 99.0, 99.0,99.0, 17.80,"P48+ZTF","1","None","None",True,True
"2020 Dec 09",2459193.0566,"r", -27.44, 18.29,0.12, 18.95,"P48+ZTF","1","None","None",True,False
"2020 Dec 09",2459193.0613,"r", -27.48, 18.24,0.11, 19.34,"P48+ZTF","1","None","None",True,False
"2020 Dec 09",2459193.0660,"r", 99.0, 99.0,99.0, 17.11,"P48+ZTF","1","None","None",True,True
"2020 Dec 10",2459194.0531,"r", -27.45, 18.28,0.11, 19.87,"P48+ZTF","1","None","None",True,False
"2020 Dec 10",2459194.0578,"r", -27.51, 18.21,0.09, 19.68,"P48+ZTF","1","None","None",True,False
"2020 Dec 10",2459194.0625,"r", -27.39, 18.34,0.08, 19.70,"P48+ZTF","1","None","None",True,False
"2020 Dec 10",2459194.0672,"r", -27.55, 18.18,0.08, 19.30,"P48+ZTF","1","None","None",True,False
"2020 Dec 11",2459195.0531,"r", -27.44, 18.29,0.09, 19.69,"P48+ZTF","1","None","None",True,False
"2020 Dec 11",2459195.0578,"r", -27.46, 18.27,0.09, 19.81,"P48+ZTF","1","None","None",True,False
"2020 Dec 11",2459195.0625,"r", -27.46, 18.27,0.11, 19.55,"P48+ZTF","1","None","None",True,False
"2020 Dec 11",2459195.0673,"r", -27.46, 18.27,0.13, 19.43,"P48+ZTF","1","None","None",True,False
"2020 Dec 12",2459196.0534,"r", -27.32, 18.41,0.22, 18.74,"P48+ZTF","1","None","None",True,False
"2020 Dec 12",2459196.0582,"r", -27.42, 18.31,0.14, 19.16,"P48+ZTF","1","None","None",True,False
"2020 Dec 12",2459196.0629,"r", -27.39, 18.34,0.14, 19.15,"P48+ZTF","1","None","None",True,False
"2020 Dec 12",2459196.0677,"r", -27.51, 18.22,0.12, 19.10,"P48+ZTF","1","None","None",True,False
"2020 Dec 13",2459197.0517,"r", -27.34, 18.39,0.12, 19.43,"P48+ZTF","1","None","None",True,False
"2020 Dec 13",2459197.0564,"r", -27.41, 18.32,0.09, 19.61,"P48+ZTF","1","None","None",True,False
"2020 Dec 13",2459197.0611,"r", -27.45, 18.28,0.13, 19.39,"P48+ZTF","1","None","None",True,False
"2020 Dec 13",2459197.0658,"r", -27.54, 18.19,0.12, 19.16,"P48+ZTF","1","None","None",True,False
"2020 Dec 13",2459197.0705,"r", -27.54, 18.19,0.14, 18.74,"P48+ZTF","1","None","None",True,False
"2020 Dec 15",2459199.0552,"r", -27.38, 18.34,0.09, 19.66,"P48+ZTF","1","None","None",True,False
"2020 Dec 15",2459199.0600,"r", -27.26, 18.46,0.12, 19.59,"P48+ZTF","1","None","None",True,False
"2020 Dec 15",2459199.0647,"r", -27.46, 18.27,0.09, 19.48,"P48+ZTF","1","None","None",True,False
"2020 Dec 15",2459199.0694,"r", -27.41, 18.32,0.13, 19.16,"P48+ZTF","1","None","None",True,False
"2020 Dec 16",2459200.0563,"r", -27.49, 18.24,0.09, 19.67,"P48+ZTF","1","None","None",True,False
"2020 Dec 16",2459200.0610,"r", -27.44, 18.29,0.09, 19.69,"P48+ZTF","1","None","None",True,False
"2020 Dec 16",2459200.0657,"r", -27.48, 18.25,0.10, 19.65,"P48+ZTF","1","None","None",True,False
"2020 Dec 16",2459200.0705,"r", -27.60, 18.13,0.09, 19.33,"P48+ZTF","1","None","None",True,False
"2020 Dec 17",2459201.0567,"r", -27.59, 18.14,0.10, 19.26,"P48+ZTF","1","None","None",True,False
"2020 Dec 17",2459201.0614,"r", -27.62, 18.11,0.13, 19.03,"P48+ZTF","1","None","None",True,False
"2020 Dec 17",2459201.0662,"r", -27.56, 18.17,0.20, 18.49,"P48+ZTF","1","None","None",True,False
"2020 Dec 17",2459201.0709,"r", -27.43, 18.30,0.26, 18.12,"P48+ZTF","1","None","None",True,False
"2020 Dec 21",2459205.0443,"i", -28.31, 17.42,0.06, 19.59,"P48+ZTF","2","None","None",True,False
"2021 Jan 01",2459216.0518,"r", -27.49, 18.24,0.11, 19.15,"P48+ZTF","1","None","None",True,False
"2021 Jan 01",2459216.0771,"g", -26.99, 18.74,0.19, 18.72,"P48+ZTF","1","None","None",True,False
"2021 Jan 03",2459217.9895,"r", -27.64, 18.09,0.09, 19.70,"P48+ZTF","1","None","None",True,False
"2021 Jan 03",2459218.0380,"g", -27.17, 18.56,0.12, 19.26,"P48+ZTF","1","None","None",True,False
"2021 Jan 05",2459219.9904,"r", -27.67, 18.06,0.10, 19.57,"P48+ZTF","1","None","None",True,False
"2021 Jan 07",2459221.9971,"g", -27.39, 18.33,0.11, 19.71,"P48+ZTF","1","None","None",True,False
"2021 Jan 08",2459223.0062,"i", -28.51, 17.22,0.10, 18.26,"P48+ZTF","2","None","None",True,False
"2021 Jan 09",2459224.0189,"r", -27.91, 17.82,0.07, 19.84,"P48+ZTF","1","None","None",True,False
"2021 Jan 11",2459225.9957,"g", -27.30, 18.42,0.24, 18.71,"P48+ZTF","1","None","None",True,False
"2021 Jan 14",2459228.9957,"r", -27.95, 17.78,0.06, 20.22,"P48+ZTF","1","None","None",True,False
"2021 Jan 14",2459229.0167,"g", -27.39, 18.34,0.05, 20.56,"P48+ZTF","1","None","None",True,False
"2021 Jan 14",2459229.0553,"i", -28.61, 17.12,0.06, 19.94,"P48+ZTF","2","None","None",True,False
"2021 Jan 17",2459232.0175,"i", -28.64, 17.09,0.05, 19.62,"P48+ZTF","2","None","None",True,False
"2021 Jan 17",2459232.0393,"r", -28.00, 17.73,0.07, 20.31,"P48+ZTF","1","None","None",True,False
"2021 Jan 17",2459232.0564,"g", -27.48, 18.25,0.06, 20.60,"P48+ZTF","1","None","None",True,False
"2021 Feb 03",2459248.9453,"r", -28.15, 17.58,0.04, 19.79,"P48+ZTF","1","None","None",True,False
"2021 Feb 03",2459249.0036,"g", -27.62, 18.11,0.06, 19.85,"P48+ZTF","1","None","None",True,False
"2021 Feb 05",2459250.9269,"r", -28.06, 17.67,0.06, 19.79,"P48+ZTF","1","None","None",True,False
"2021 Feb 05",2459250.9647,"g", -27.58, 18.15,0.08, 19.84,"P48+ZTF","1","None","None",True,False
"2021 Feb 05",2459251.0070,"i", -28.73, 17.00,0.05, 19.94,"P48+ZTF","2","None","None",True,False
"2021 Feb 07",2459253.0160,"r", -28.14, 17.59,0.09, 20.69,"P48+ZTF","1","None","None",True,False
"2021 Feb 07",2459253.0259,"g", -27.60, 18.12,0.06, 20.65,"P48+ZTF","1","None","None",True,False
"2021 Feb 08",2459253.9784,"i", -28.72, 17.01,0.06, 19.86,"P48+ZTF","2","None","None",True,False
"2021 Feb 09",2459254.9294,"r", -28.03, 17.70,0.12, 18.98,"P48+ZTF","1","None","None",True,False
"2021 Feb 09",2459255.0277,"g", -27.56, 18.17,0.08, 20.22,"P48+ZTF","1","None","None",True,False
"2021 Feb 11",2459256.9278,"r", -28.11, 17.61,0.06, 20.55,"P48+ZTF","1","None","None",True,False
"2021 Feb 11",2459256.9759,"i", -28.73, 17.00,0.06, 19.94,"P48+ZTF","2","None","None",True,False
"2021 Feb 15",2459261.0023,"g", -27.68, 18.05,0.36, 17.52,"P48+ZTF","1","None","None",True,False
"2021 Feb 19",2459264.9833,"g", -27.61, 18.12,0.06, 20.69,"P48+ZTF","1","None","None",True,False
"2021 Feb 21",2459266.8870,"r", -28.09, 17.63,0.06, 19.65,"P48+ZTF","1","None","None",True,False
"2021 Feb 21",2459267.0030,"g", -27.65, 18.08,0.07, 19.92,"P48+ZTF","1","None","None",True,False
"2021 Feb 22",2459268.0031,"i", -28.75, 16.98,0.06, 19.63,"P48+ZTF","2","None","None",True,False
"2021 Feb 23",2459269.0034,"g", -27.63, 18.10,0.04, 20.60,"P48+ZTF","1","None","None",True,False
"2021 Feb 25",2459270.9397,"g", -27.67, 18.05,0.06, 19.51,"P48+ZTF","1","None","None",True,False
"2021 Feb 25",2459270.9619,"i", -28.73, 17.00,0.05, 19.46,"P48+ZTF","2","None","None",True,False
"2021 Feb 25",2459270.9996,"r", -28.13, 17.60,0.07, 19.68,"P48+ZTF","1","None","None",True,False
"2021 Feb 27",2459272.9237,"g", 99.0, 99.0,99.0, 18.87,"P48+ZTF","1","None","None",True,True
"2021 Feb 27",2459272.9237,"g", -27.71, 18.02,0.09, 18.87,"P48+ZTF","1","None","None",True,False
"2021 Feb 27",2459272.9871,"r", 99.0, 99.0,99.0, 19.55,"P48+ZTF","1","None","None",True,True
"2021 Feb 27",2459272.9871,"r", -28.16, 17.57,0.07, 19.55,"P48+ZTF","1","None","None",True,False
"2021 Feb 28",2459274.0049,"i", 99.0, 99.0,99.0, 18.98,"P48+ZTF","2","None","None",True,True
"2021 Feb 28",2459274.0049,"i", -28.72, 17.00,0.05, 18.98,"P48+ZTF","2","None","None",True,False
"2021 Mar 01",2459274.9215,"r", -28.20, 17.53,0.08, 18.93,"P48+ZTF","1","None","None",True,False
"2021 Mar 01",2459274.9614,"g", -27.65, 18.08,0.07, 19.14,"P48+ZTF","1","None","None",True,False
"2021 Mar 05",2459278.9809,"r", -28.20, 17.53,0.06, 20.02,"P48+ZTF","1","None","None",True,False
"2021 Mar 05",2459279.0074,"g", -27.68, 18.05,0.06, 20.02,"P48+ZTF","1","None","None",True,False
"2021 Mar 17",2459290.8934,"r", -28.21, 17.52,0.06, 20.57,"P48+ZTF","1","None","None",True,False
"2021 Mar 17",2459290.9234,"g", -27.67, 18.06,0.05, 20.70,"P48+ZTF","1","None","None",True,False
"2021 Mar 19",2459292.9082,"i", -28.81, 16.92,0.04, 20.13,"P48+ZTF","2","None","None",True,False
"2021 Mar 19",2459292.9406,"g", -27.73, 18.00,0.06, 20.67,"P48+ZTF","1","None","None",True,False
"2021 Mar 19",2459292.9625,"r", -28.23, 17.50,0.07, 20.52,"P48+ZTF","1","None","None",True,False
"2021 Mar 22",2459295.8098,"g", -27.70, 18.03,0.07, 19.55,"P48+ZTF","1","None","None",True,False
"2021 Mar 22",2459295.8875,"r", -28.21, 17.52,0.06, 20.03,"P48+ZTF","1","None","None",True,False
"2021 Mar 23",2459296.9094,"i", -28.79, 16.94,0.05, 19.24,"P48+ZTF","2","None","None",True,False
"2021 Mar 24",2459297.8524,"g", -27.72, 18.01,0.07, 19.63,"P48+ZTF","1","None","None",True,False
"2021 Mar 24",2459297.9026,"r", -28.21, 17.52,0.06, 20.02,"P48+ZTF","1","None","None",True,False
"2021 Mar 27",2459300.8704,"g", -27.71, 18.02,0.09, 19.15,"P48+ZTF","1","None","None",True,False
"2021 Mar 27",2459300.9191,"r", -28.23, 17.49,0.06, 19.17,"P48+ZTF","1","None","None",True,False
"2021 Mar 29",2459302.8601,"g", -27.77, 17.96,0.08, 19.08,"P48+ZTF","1","None","None",True,False
"2021 Mar 29",2459302.9208,"r", -28.24, 17.49,0.07, 19.22,"P48+ZTF","1","None","None",True,False
"2021 Mar 31",2459304.8831,"r", 99.0, 99.0,99.0, 18.35,"P48+ZTF","1","None","None",True,True
"2021 Mar 31",2459304.8831,"r", -28.11, 17.61,0.14, 18.35,"P48+ZTF","1","None","None",True,False
"2021 Mar 31",2459304.9168,"g", 99.0, 99.0,99.0, 18.67,"P48+ZTF","1","None","None",True,True
"2021 Mar 31",2459304.9168,"g", -27.72, 18.01,0.14, 18.67,"P48+ZTF","1","None","None",True,False
"2021 Apr 01",2459305.8937,"i", -28.84, 16.89,0.04, 19.35,"P48+ZTF","2","None","None",True,False
"2021 Apr 03",2459307.8831,"g", -27.74, 17.99,0.05, 20.35,"P48+ZTF","1","None","None",True,False
"2021 Apr 03",2459307.9131,"r", -28.27, 17.46,0.08, 20.47,"P48+ZTF","1","None","None",True,False
"2021 Apr 04",2459308.8159,"i", -28.83, 16.90,0.05, 19.87,"P48+ZTF","2","None","None",True,False
"2021 Apr 05",2459309.8397,"g", -27.76, 17.97,0.06, 20.64,"P48+ZTF","1","None","None",True,False
"2021 Apr 05",2459309.9781,"r", -28.27, 17.46,0.05, 20.05,"P48+ZTF","1","None","None",True,False
"2021 Apr 07",2459311.8412,"i", -28.89, 16.84,0.06, 20.16,"P48+ZTF","2","None","None",True,False
"2021 Apr 07",2459311.8753,"g", -27.72, 18.01,0.06, 20.68,"P48+ZTF","1","None","None",True,False
"2021 Apr 07",2459311.9640,"r", -28.27, 17.46,0.07, 20.68,"P48+ZTF","1","None","None",True,False
"2021 Apr 09",2459313.9376,"r", -28.26, 17.47,0.07, 20.12,"P48+ZTF","1","None","None",True,False
"2021 Apr 09",2459313.9636,"g", -27.76, 17.97,0.06, 20.32,"P48+ZTF","1","None","None",True,False
"2021 Apr 10",2459314.9194,"i", -28.72, 17.01,0.05, 20.01,"P48+ZTF","2","None","None",True,False
"2021 Apr 11",2459315.8285,"g", -27.77, 17.96,0.07, 20.29,"P48+ZTF","1","None","None",True,False
"2021 Apr 11",2459315.8744,"r", -28.28, 17.45,0.07, 19.44,"P48+ZTF","1","None","None",True,False
"2021 Apr 13",2459317.8111,"i", -28.86, 16.87,0.04, 19.95,"P48+ZTF","2","None","None",True,False
"2021 Apr 13",2459317.8981,"r", -28.25, 17.48,0.06, 20.75,"P48+ZTF","1","None","None",True,False
"2021 Apr 13",2459317.9781,"g", -27.75, 17.98,0.06, 20.61,"P48+ZTF","1","None","None",True,False
"2021 Apr 16",2459320.8624,"g", -27.70, 18.03,0.07, 20.54,"P48+ZTF","1","None","None",True,False
"2021 Apr 17",2459321.8517,"i", -28.86, 16.87,0.05, 19.91,"P48+ZTF","2","None","None",True,False
"2021 Apr 18",2459322.8096,"r", -28.27, 17.46,0.06, 20.19,"P48+ZTF","1","None","None",True,False
"2021 Apr 20",2459324.7742,"r", -28.28, 17.45,0.06, 20.04,"P48+ZTF","1","None","None",True,False
"2021 Apr 20",2459324.8192,"i", -28.87, 16.86,0.05, 19.93,"P48+ZTF","2","None","None",True,False
"2021 Apr 20",2459324.8784,"g", -27.73, 18.00,0.05, 20.53,"P48+ZTF","1","None","None",True,False
"2021 Apr 24",2459328.7781,"r", -28.27, 17.46,0.06, 19.73,"P48+ZTF","1","None","None",True,False
"2021 Apr 24",2459328.8331,"g", -27.73, 18.00,0.08, 19.60,"P48+ZTF","1","None","None",True,False
"2021 Apr 30",2459334.7196,"g", -27.74, 17.99,0.06, 20.50,"P48+ZTF","2","None","None",True,False
"2021 Apr 30",2459334.7372,"g", -27.75, 17.98,0.06, 20.50,"P48+ZTF","1","None","None",True,False
"2021 Apr 30",2459334.8178,"r", -28.23, 17.49,0.05, 20.03,"P48+ZTF","2","None","None",True,False
"2021 Apr 30",2459334.8564,"r", -28.26, 17.47,0.07, 20.09,"P48+ZTF","1","None","None",True,False
"2021 May 01",2459335.8570,"i", -28.84, 16.89,0.06, 18.59,"P48+ZTF","2","None","None",True,False
"2021 May 02",2459336.7893,"g", -27.72, 18.01,0.05, 20.67,"P48+ZTF","2","None","None",True,False
"2021 May 02",2459336.7903,"g", -27.73, 18.00,0.05, 20.56,"P48+ZTF","1","None","None",True,False
"2021 May 02",2459336.8325,"r", -28.25, 17.48,0.07, 20.73,"P48+ZTF","2","None","None",True,False
"2021 May 02",2459336.8369,"r", -28.25, 17.48,0.06, 20.68,"P48+ZTF","1","None","None",True,False
"2021 May 02",2459336.8772,"r", -28.25, 17.47,0.05, 20.24,"P48+ZTF","2","None","None",True,False
"2021 May 02",2459336.9278,"g", -27.73, 18.00,0.09, 20.06,"P48+ZTF","2","None","None",True,False
"2021 May 04",2459338.7779,"r", -28.29, 17.44,0.07, 20.48,"P48+ZTF","2","None","None",True,False
"2021 May 04",2459338.8142,"g", -27.72, 18.01,0.05, 20.60,"P48+ZTF","2","None","None",True,False
"2021 May 04",2459338.8558,"i", -28.86, 16.87,0.06, 19.60,"P48+ZTF","2","None","None",True,False
"2021 May 04",2459338.8790,"r", -28.29, 17.44,0.07, 20.37,"P48+ZTF","2","None","None",True,False
"2021 May 04",2459338.9234,"g", -27.76, 17.97,0.06, 20.33,"P48+ZTF","2","None","None",True,False
"2021 May 05",2459339.7972,"r", -28.27, 17.45,0.08, 20.68,"P48+ZTF","2","None","None",True,False
"2021 May 05",2459339.8181,"r", -28.26, 17.47,0.07, 20.67,"P48+ZTF","1","None","None",True,False
"2021 May 05",2459339.8523,"r", -28.25, 17.48,0.05, 20.61,"P48+ZTF","2","None","None",True,False
"2021 May 05",2459339.8730,"g", -27.79, 17.94,0.06, 20.76,"P48+ZTF","2","None","None",True,False
"2021 May 05",2459339.8740,"g", -27.76, 17.97,0.07, 20.74,"P48+ZTF","1","None","None",True,False
"2021 May 06",2459340.8323,"r", -28.27, 17.45,0.06, 20.62,"P48+ZTF","2","None","None",True,False
"2021 May 06",2459340.8765,"g", -27.76, 17.97,0.05, 20.75,"P48+ZTF","2","None","None",True,False
"2021 May 06",2459340.9117,"r", -28.27, 17.46,0.05, 20.46,"P48+ZTF","2","None","None",True,False
"2021 May 07",2459341.7218,"r", -28.27, 17.46,0.07, 20.57,"P48+ZTF","2","None","None",True,False
"2021 May 07",2459341.7816,"r", -28.27, 17.46,0.07, 20.73,"P48+ZTF","1","None","None",True,False
"2021 May 07",2459341.8153,"g", -27.73, 18.00,0.05, 20.81,"P48+ZTF","2","None","None",True,False
"2021 May 07",2459341.8172,"g", -27.73, 18.00,0.07, 20.95,"P48+ZTF","1","None","None",True,False
"2021 May 07",2459341.8582,"g", -27.74, 17.99,0.05, 20.72,"P48+ZTF","2","None","None",True,False
"2021 May 07",2459341.8788,"i", -28.84, 16.89,0.05, 19.88,"P48+ZTF","2","None","None",True,False
"2021 May 08",2459342.8122,"r", -28.26, 17.47,0.06, 20.73,"P48+ZTF","2","None","None",True,False
"2021 May 08",2459342.8563,"g", -27.73, 18.00,0.06, 20.73,"P48+ZTF","2","None","None",True,False
"2021 May 08",2459342.9351,"r", -28.28, 17.45,0.05, 20.50,"P48+ZTF","2","None","None",True,False
"2021 May 09",2459343.7788,"g", -27.74, 17.99,0.06, 20.62,"P48+ZTF","1","None","None",True,False
"2021 May 09",2459343.7797,"g", -27.74, 17.99,0.05, 20.64,"P48+ZTF","2","None","None",True,False
"2021 May 09",2459343.7961,"r", -28.24, 17.49,0.06, 20.38,"P48+ZTF","2","None","None",True,False
"2021 May 09",2459343.8317,"r", -28.27, 17.46,0.06, 20.55,"P48+ZTF","1","None","None",True,False
"2021 May 09",2459343.8375,"r", -28.27, 17.46,0.07, 20.61,"P48+ZTF","2","None","None",True,False
"2021 May 10",2459344.7749,"g", -27.73, 18.00,0.05, 20.76,"P48+ZTF","2","None","None",True,False
"2021 May 10",2459344.8150,"g", -27.70, 18.03,0.04, 20.93,"P48+ZTF","2","None","None",True,False
"2021 May 10",2459344.8514,"i", -28.84, 16.89,0.05, 20.01,"P48+ZTF","2","None","None",True,False
"2021 May 10",2459344.8996,"r", -28.28, 17.45,0.07, 20.39,"P48+ZTF","2","None","None",True,False
"2021 May 11",2459345.8606,"g", -27.73, 17.99,0.07, 20.64,"P48+ZTF","1","None","None",True,False
"2021 May 14",2459348.8591,"g", -27.75, 17.98,0.06, 20.85,"P48+ZTF","2","None","None",True,False
"2021 May 14",2459348.8799,"g", -27.76, 17.97,0.07, 20.83,"P48+ZTF","2","None","None",True,False
"2021 May 15",2459349.8174,"r", -28.23, 17.50,0.06, 20.73,"P48+ZTF","2","None","None",True,False
"2021 May 15",2459349.8633,"g", -27.73, 18.00,0.07, 20.97,"P48+ZTF","1","None","None",True,False
"2021 May 15",2459349.8642,"g", -27.73, 18.00,0.04, 20.98,"P48+ZTF","2","None","None",True,False
"2021 May 18",2459352.7171,"g", -27.66, 18.07,0.06, 20.18,"P48+ZTF","2","None","None",True,False
"2021 May 18",2459352.7959,"r", -28.20, 17.53,0.06, 20.33,"P48+ZTF","2","None","None",True,False
"2021 May 18",2459352.7968,"r", -28.21, 17.52,0.07, 20.62,"P48+ZTF","1","None","None",True,False
"2021 May 18",2459352.8490,"g", -27.67, 18.06,0.06, 20.63,"P48+ZTF","2","None","None",True,False
"2021 May 18",2459352.8638,"i", -28.80, 16.93,0.05, 19.97,"P48+ZTF","2","None","None",True,False
"2021 May 19",2459353.8099,"r", -28.20, 17.53,0.06, 20.31,"P48+ZTF","2","None","None",True,False
"2021 May 19",2459353.8172,"r", -28.19, 17.54,0.06, 20.25,"P48+ZTF","2","None","None",True,False
"2021 May 19",2459353.8523,"g", -27.68, 18.04,0.06, 20.52,"P48+ZTF","2","None","None",True,False
"2021 May 20",2459354.7906,"r", -28.19, 17.54,0.06, 20.01,"P48+ZTF","1","None","None",True,False
"2021 May 20",2459354.8364,"g", -27.71, 18.02,0.07, 19.90,"P48+ZTF","1","None","None",True,False
"2021 May 21",2459355.8279,"i", -28.77, 16.96,0.06, 18.94,"P48+ZTF","2","None","None",True,False
"2021 May 24",2459358.8186,"r", -28.33, 17.40,0.06, 19.13,"P48+ZTF","1","None","None",True,False
"2021 May 24",2459358.9154,"g", -27.73, 18.00,0.09, 18.96,"P48+ZTF","1","None","None",True,False
"2021 May 27",2459361.7961,"g", -27.75, 17.98,0.08, 19.45,"P48+ZTF","1","None","None",True,False
"2021 May 27",2459361.8729,"r", -28.22, 17.51,0.06, 19.36,"P48+ZTF","1","None","None",True,False
"2021 May 28",2459362.8609,"i", -28.79, 16.94,0.04, 19.58,"P48+ZTF","2","None","None",True,False
"2021 May 29",2459363.7989,"g", -27.73, 18.00,0.06, 19.89,"P48+ZTF","1","None","None",True,False
"2021 May 29",2459363.8592,"r", -28.26, 17.47,0.07, 20.07,"P48+ZTF","1","None","None",True,False
"2021 May 31",2459365.8585,"i", -28.82, 16.91,0.04, 19.65,"P48+ZTF","2","None","None",True,False
"2021 Jun 01",2459366.7742,"g", -27.72, 18.01,0.06, 20.45,"P48+ZTF","1","None","None",True,False
"2021 Jun 01",2459366.8523,"r", -28.27, 17.46,0.06, 20.33,"P48+ZTF","1","None","None",True,False
"2021 Jun 03",2459368.7951,"r", -28.26, 17.46,0.05, 20.73,"P48+ZTF","1","None","None",True,False
"2021 Jun 03",2459368.8443,"g", -27.75, 17.98,0.06, 20.70,"P48+ZTF","1","None","None",True,False
"2021 Jun 04",2459369.8364,"i", -28.86, 16.87,0.06, 20.13,"P48+ZTF","2","None","None",True,False
"2021 Jun 05",2459370.7474,"g", -27.76, 17.97,0.07, 20.75,"P48+ZTF","1","None","None",True,False
"2021 Jun 05",2459370.7571,"r", -28.29, 17.44,0.08, 20.67,"P48+ZTF","1","None","None",True,False
"2021 Jun 07",2459372.7751,"i", -28.87, 16.86,0.06, 19.36,"P48+ZTF","2","None","None",True,False
"2021 Jun 07",2459372.8118,"r", -28.30, 17.43,0.08, 19.89,"P48+ZTF","1","None","None",True,False
"2021 Jun 09",2459374.6906,"r", -28.28, 17.45,0.06, 20.49,"P48+ZTF","1","None","None",True,False
"2021 Jun 11",2459376.7742,"r", -28.28, 17.45,0.08, 20.64,"P48+ZTF","1","None","None",True,False
"2021 Jun 12",2459377.7765,"i", -28.88, 16.85,0.05, 20.07,"P48+ZTF","2","None","None",True,False
"2021 Jun 13",2459378.7280,"g", -27.74, 17.99,0.06, 20.65,"P48+ZTF","1","None","None",True,False
"2021 Jun 13",2459378.7534,"r", -28.28, 17.45,0.06, 20.64,"P48+ZTF","1","None","None",True,False
"2021 Jun 15",2459380.7117,"r", -28.27, 17.46,0.09, 19.73,"P48+ZTF","1","None","None",True,False
"2021 Jun 15",2459380.7531,"g", -27.75, 17.98,0.09, 19.24,"P48+ZTF","1","None","None",True,False
"2021 Jun 15",2459380.8188,"i", -28.90, 16.83,0.08, 18.92,"P48+ZTF","2","None","None",True,False
"2021 Jun 17",2459382.8011,"g", -27.74, 17.99,0.06, 20.20,"P48+ZTF","1","None","None",True,False
"2021 Jun 19",2459384.6924,"r", -28.22, 17.51,0.06, 19.66,"P48+ZTF","1","None","None",True,False
"2021 Jun 21",2459386.7268,"r", -28.27, 17.46,0.07, 19.28,"P48+ZTF","1","None","None",True,False
"2021 Jun 21",2459386.7493,"i", -28.86, 16.87,0.05, 19.03,"P48+ZTF","2","None","None",True,False
"2021 Jun 21",2459386.7948,"g", -27.71, 18.02,0.08, 19.33,"P48+ZTF","1","None","None",True,False
"2021 Jun 25",2459390.7278,"g", -27.75, 17.98,0.07, 19.69,"P48+ZTF","1","None","None",True,False
"2021 Jun 25",2459390.8115,"r", -28.21, 17.52,0.06, 19.39,"P48+ZTF","1","None","None",True,False
"2021 Jun 26",2459391.8381,"i", -28.82, 16.91,0.06, 19.23,"P48+ZTF","2","None","None",True,False
"2021 Jun 27",2459392.7340,"g", -27.73, 18.00,0.07, 20.32,"P48+ZTF","1","None","None",True,False
"2021 Jun 27",2459392.8391,"r", -28.28, 17.45,0.06, 19.58,"P48+ZTF","1","None","None",True,False
"2021 Jun 29",2459394.7137,"g", -27.74, 17.99,0.05, 20.63,"P48+ZTF","1","None","None",True,False
"2021 Jun 29",2459394.7330,"i", -28.85, 16.88,0.06, 19.88,"P48+ZTF","2","None","None",True,False
"2021 Jun 29",2459394.7748,"r", -28.27, 17.45,0.06, 20.14,"P48+ZTF","1","None","None",True,False
"2021 Jul 01",2459396.7126,"r", -28.28, 17.45,0.08, 20.62,"P48+ZTF","1","None","None",True,False
"2021 Jul 01",2459396.7710,"g", -27.77, 17.96,0.07, 20.52,"P48+ZTF","1","None","None",True,False
